{
  "best_value": 0.9519321912977949,
  "best_params": {
    "n_estimators": 458,
    "max_depth": 8,
    "learning_rate": 0.04398189955114848,
    "subsample": 0.9977337192697019,
    "colsample_bytree": 0.7946829162746045,
    "min_child_weight": 7,
    "gamma": 0.6201163115081073,
    "reg_alpha": 3.4496386082007793,
    "reg_lambda": 3.2672804381093448
  },
  "n_trials": 30
}